groundtruth_id,rain_id,diff_npz_filepath,groundtruth_npz_filepath,rain_npz_filepath,groundtruth_filepath,rain_filepath
88,88,/Users/gennadumont/Downloads/MSPFN-deraining/model/gennamodel/diff_mag_and_phase/88.npz,/Users/gennadumont/Downloads/MSPFN-deraining/model/gennamodel/groundtruth_mag_and_phase/88.npz,/Users/gennadumont/Downloads/MSPFN-deraining/model/gennamodel/rain_mag_and_phase/88.npz,/Users/gennadumont/Downloads/MSPFN-deraining/model/test/test_data/R100H/cleancrop/88.png,/Users/gennadumont/Downloads/MSPFN-deraining/model/test/test_data/R100H/inputcrop/88.png
77,77,/Users/gennadumont/Downloads/MSPFN-deraining/model/gennamodel/diff_mag_and_phase/77.npz,/Users/gennadumont/Downloads/MSPFN-deraining/model/gennamodel/groundtruth_mag_and_phase/77.npz,/Users/gennadumont/Downloads/MSPFN-deraining/model/gennamodel/rain_mag_and_phase/77.npz,/Users/gennadumont/Downloads/MSPFN-deraining/model/test/test_data/R100H/cleancrop/77.png,/Users/gennadumont/Downloads/MSPFN-deraining/model/test/test_data/R100H/inputcrop/77.png
63,63,/Users/gennadumont/Downloads/MSPFN-deraining/model/gennamodel/diff_mag_and_phase/63.npz,/Users/gennadumont/Downloads/MSPFN-deraining/model/gennamodel/groundtruth_mag_and_phase/63.npz,/Users/gennadumont/Downloads/MSPFN-deraining/model/gennamodel/rain_mag_and_phase/63.npz,/Users/gennadumont/Downloads/MSPFN-deraining/model/test/test_data/R100H/cleancrop/63.png,/Users/gennadumont/Downloads/MSPFN-deraining/model/test/test_data/R100H/inputcrop/63.png
62,62,/Users/gennadumont/Downloads/MSPFN-deraining/model/gennamodel/diff_mag_and_phase/62.npz,/Users/gennadumont/Downloads/MSPFN-deraining/model/gennamodel/groundtruth_mag_and_phase/62.npz,/Users/gennadumont/Downloads/MSPFN-deraining/model/gennamodel/rain_mag_and_phase/62.npz,/Users/gennadumont/Downloads/MSPFN-deraining/model/test/test_data/R100H/cleancrop/62.png,/Users/gennadumont/Downloads/MSPFN-deraining/model/test/test_data/R100H/inputcrop/62.png
76,76,/Users/gennadumont/Downloads/MSPFN-deraining/model/gennamodel/diff_mag_and_phase/76.npz,/Users/gennadumont/Downloads/MSPFN-deraining/model/gennamodel/groundtruth_mag_and_phase/76.npz,/Users/gennadumont/Downloads/MSPFN-deraining/model/gennamodel/rain_mag_and_phase/76.npz,/Users/gennadumont/Downloads/MSPFN-deraining/model/test/test_data/R100H/cleancrop/76.png,/Users/gennadumont/Downloads/MSPFN-deraining/model/test/test_data/R100H/inputcrop/76.png
89,89,/Users/gennadumont/Downloads/MSPFN-deraining/model/gennamodel/diff_mag_and_phase/89.npz,/Users/gennadumont/Downloads/MSPFN-deraining/model/gennamodel/groundtruth_mag_and_phase/89.npz,/Users/gennadumont/Downloads/MSPFN-deraining/model/gennamodel/rain_mag_and_phase/89.npz,/Users/gennadumont/Downloads/MSPFN-deraining/model/test/test_data/R100H/cleancrop/89.png,/Users/gennadumont/Downloads/MSPFN-deraining/model/test/test_data/R100H/inputcrop/89.png
60,60,/Users/gennadumont/Downloads/MSPFN-deraining/model/gennamodel/diff_mag_and_phase/60.npz,/Users/gennadumont/Downloads/MSPFN-deraining/model/gennamodel/groundtruth_mag_and_phase/60.npz,/Users/gennadumont/Downloads/MSPFN-deraining/model/gennamodel/rain_mag_and_phase/60.npz,/Users/gennadumont/Downloads/MSPFN-deraining/model/test/test_data/R100H/cleancrop/60.png,/Users/gennadumont/Downloads/MSPFN-deraining/model/test/test_data/R100H/inputcrop/60.png
74,74,/Users/gennadumont/Downloads/MSPFN-deraining/model/gennamodel/diff_mag_and_phase/74.npz,/Users/gennadumont/Downloads/MSPFN-deraining/model/gennamodel/groundtruth_mag_and_phase/74.npz,/Users/gennadumont/Downloads/MSPFN-deraining/model/gennamodel/rain_mag_and_phase/74.npz,/Users/gennadumont/Downloads/MSPFN-deraining/model/test/test_data/R100H/cleancrop/74.png,/Users/gennadumont/Downloads/MSPFN-deraining/model/test/test_data/R100H/inputcrop/74.png
48,48,/Users/gennadumont/Downloads/MSPFN-deraining/model/gennamodel/diff_mag_and_phase/48.npz,/Users/gennadumont/Downloads/MSPFN-deraining/model/gennamodel/groundtruth_mag_and_phase/48.npz,/Users/gennadumont/Downloads/MSPFN-deraining/model/gennamodel/rain_mag_and_phase/48.npz,/Users/gennadumont/Downloads/MSPFN-deraining/model/test/test_data/R100H/cleancrop/48.png,/Users/gennadumont/Downloads/MSPFN-deraining/model/test/test_data/R100H/inputcrop/48.png
49,49,/Users/gennadumont/Downloads/MSPFN-deraining/model/gennamodel/diff_mag_and_phase/49.npz,/Users/gennadumont/Downloads/MSPFN-deraining/model/gennamodel/groundtruth_mag_and_phase/49.npz,/Users/gennadumont/Downloads/MSPFN-deraining/model/gennamodel/rain_mag_and_phase/49.npz,/Users/gennadumont/Downloads/MSPFN-deraining/model/test/test_data/R100H/cleancrop/49.png,/Users/gennadumont/Downloads/MSPFN-deraining/model/test/test_data/R100H/inputcrop/49.png
75,75,/Users/gennadumont/Downloads/MSPFN-deraining/model/gennamodel/diff_mag_and_phase/75.npz,/Users/gennadumont/Downloads/MSPFN-deraining/model/gennamodel/groundtruth_mag_and_phase/75.npz,/Users/gennadumont/Downloads/MSPFN-deraining/model/gennamodel/rain_mag_and_phase/75.npz,/Users/gennadumont/Downloads/MSPFN-deraining/model/test/test_data/R100H/cleancrop/75.png,/Users/gennadumont/Downloads/MSPFN-deraining/model/test/test_data/R100H/inputcrop/75.png
61,61,/Users/gennadumont/Downloads/MSPFN-deraining/model/gennamodel/diff_mag_and_phase/61.npz,/Users/gennadumont/Downloads/MSPFN-deraining/model/gennamodel/groundtruth_mag_and_phase/61.npz,/Users/gennadumont/Downloads/MSPFN-deraining/model/gennamodel/rain_mag_and_phase/61.npz,/Users/gennadumont/Downloads/MSPFN-deraining/model/test/test_data/R100H/cleancrop/61.png,/Users/gennadumont/Downloads/MSPFN-deraining/model/test/test_data/R100H/inputcrop/61.png
59,59,/Users/gennadumont/Downloads/MSPFN-deraining/model/gennamodel/diff_mag_and_phase/59.npz,/Users/gennadumont/Downloads/MSPFN-deraining/model/gennamodel/groundtruth_mag_and_phase/59.npz,/Users/gennadumont/Downloads/MSPFN-deraining/model/gennamodel/rain_mag_and_phase/59.npz,/Users/gennadumont/Downloads/MSPFN-deraining/model/test/test_data/R100H/cleancrop/59.png,/Users/gennadumont/Downloads/MSPFN-deraining/model/test/test_data/R100H/inputcrop/59.png
65,65,/Users/gennadumont/Downloads/MSPFN-deraining/model/gennamodel/diff_mag_and_phase/65.npz,/Users/gennadumont/Downloads/MSPFN-deraining/model/gennamodel/groundtruth_mag_and_phase/65.npz,/Users/gennadumont/Downloads/MSPFN-deraining/model/gennamodel/rain_mag_and_phase/65.npz,/Users/gennadumont/Downloads/MSPFN-deraining/model/test/test_data/R100H/cleancrop/65.png,/Users/gennadumont/Downloads/MSPFN-deraining/model/test/test_data/R100H/inputcrop/65.png
71,71,/Users/gennadumont/Downloads/MSPFN-deraining/model/gennamodel/diff_mag_and_phase/71.npz,/Users/gennadumont/Downloads/MSPFN-deraining/model/gennamodel/groundtruth_mag_and_phase/71.npz,/Users/gennadumont/Downloads/MSPFN-deraining/model/gennamodel/rain_mag_and_phase/71.npz,/Users/gennadumont/Downloads/MSPFN-deraining/model/test/test_data/R100H/cleancrop/71.png,/Users/gennadumont/Downloads/MSPFN-deraining/model/test/test_data/R100H/inputcrop/71.png
70,70,/Users/gennadumont/Downloads/MSPFN-deraining/model/gennamodel/diff_mag_and_phase/70.npz,/Users/gennadumont/Downloads/MSPFN-deraining/model/gennamodel/groundtruth_mag_and_phase/70.npz,/Users/gennadumont/Downloads/MSPFN-deraining/model/gennamodel/rain_mag_and_phase/70.npz,/Users/gennadumont/Downloads/MSPFN-deraining/model/test/test_data/R100H/cleancrop/70.png,/Users/gennadumont/Downloads/MSPFN-deraining/model/test/test_data/R100H/inputcrop/70.png
64,64,/Users/gennadumont/Downloads/MSPFN-deraining/model/gennamodel/diff_mag_and_phase/64.npz,/Users/gennadumont/Downloads/MSPFN-deraining/model/gennamodel/groundtruth_mag_and_phase/64.npz,/Users/gennadumont/Downloads/MSPFN-deraining/model/gennamodel/rain_mag_and_phase/64.npz,/Users/gennadumont/Downloads/MSPFN-deraining/model/test/test_data/R100H/cleancrop/64.png,/Users/gennadumont/Downloads/MSPFN-deraining/model/test/test_data/R100H/inputcrop/64.png
58,58,/Users/gennadumont/Downloads/MSPFN-deraining/model/gennamodel/diff_mag_and_phase/58.npz,/Users/gennadumont/Downloads/MSPFN-deraining/model/gennamodel/groundtruth_mag_and_phase/58.npz,/Users/gennadumont/Downloads/MSPFN-deraining/model/gennamodel/rain_mag_and_phase/58.npz,/Users/gennadumont/Downloads/MSPFN-deraining/model/test/test_data/R100H/cleancrop/58.png,/Users/gennadumont/Downloads/MSPFN-deraining/model/test/test_data/R100H/inputcrop/58.png
99,99,/Users/gennadumont/Downloads/MSPFN-deraining/model/gennamodel/diff_mag_and_phase/99.npz,/Users/gennadumont/Downloads/MSPFN-deraining/model/gennamodel/groundtruth_mag_and_phase/99.npz,/Users/gennadumont/Downloads/MSPFN-deraining/model/gennamodel/rain_mag_and_phase/99.npz,/Users/gennadumont/Downloads/MSPFN-deraining/model/test/test_data/R100H/cleancrop/99.png,/Users/gennadumont/Downloads/MSPFN-deraining/model/test/test_data/R100H/inputcrop/99.png
8,8,/Users/gennadumont/Downloads/MSPFN-deraining/model/gennamodel/diff_mag_and_phase/8.npz,/Users/gennadumont/Downloads/MSPFN-deraining/model/gennamodel/groundtruth_mag_and_phase/8.npz,/Users/gennadumont/Downloads/MSPFN-deraining/model/gennamodel/rain_mag_and_phase/8.npz,/Users/gennadumont/Downloads/MSPFN-deraining/model/test/test_data/R100H/cleancrop/8.png,/Users/gennadumont/Downloads/MSPFN-deraining/model/test/test_data/R100H/inputcrop/8.png
72,72,/Users/gennadumont/Downloads/MSPFN-deraining/model/gennamodel/diff_mag_and_phase/72.npz,/Users/gennadumont/Downloads/MSPFN-deraining/model/gennamodel/groundtruth_mag_and_phase/72.npz,/Users/gennadumont/Downloads/MSPFN-deraining/model/gennamodel/rain_mag_and_phase/72.npz,/Users/gennadumont/Downloads/MSPFN-deraining/model/test/test_data/R100H/cleancrop/72.png,/Users/gennadumont/Downloads/MSPFN-deraining/model/test/test_data/R100H/inputcrop/72.png
66,66,/Users/gennadumont/Downloads/MSPFN-deraining/model/gennamodel/diff_mag_and_phase/66.npz,/Users/gennadumont/Downloads/MSPFN-deraining/model/gennamodel/groundtruth_mag_and_phase/66.npz,/Users/gennadumont/Downloads/MSPFN-deraining/model/gennamodel/rain_mag_and_phase/66.npz,/Users/gennadumont/Downloads/MSPFN-deraining/model/test/test_data/R100H/cleancrop/66.png,/Users/gennadumont/Downloads/MSPFN-deraining/model/test/test_data/R100H/inputcrop/66.png
67,67,/Users/gennadumont/Downloads/MSPFN-deraining/model/gennamodel/diff_mag_and_phase/67.npz,/Users/gennadumont/Downloads/MSPFN-deraining/model/gennamodel/groundtruth_mag_and_phase/67.npz,/Users/gennadumont/Downloads/MSPFN-deraining/model/gennamodel/rain_mag_and_phase/67.npz,/Users/gennadumont/Downloads/MSPFN-deraining/model/test/test_data/R100H/cleancrop/67.png,/Users/gennadumont/Downloads/MSPFN-deraining/model/test/test_data/R100H/inputcrop/67.png
73,73,/Users/gennadumont/Downloads/MSPFN-deraining/model/gennamodel/diff_mag_and_phase/73.npz,/Users/gennadumont/Downloads/MSPFN-deraining/model/gennamodel/groundtruth_mag_and_phase/73.npz,/Users/gennadumont/Downloads/MSPFN-deraining/model/gennamodel/rain_mag_and_phase/73.npz,/Users/gennadumont/Downloads/MSPFN-deraining/model/test/test_data/R100H/cleancrop/73.png,/Users/gennadumont/Downloads/MSPFN-deraining/model/test/test_data/R100H/inputcrop/73.png
9,9,/Users/gennadumont/Downloads/MSPFN-deraining/model/gennamodel/diff_mag_and_phase/9.npz,/Users/gennadumont/Downloads/MSPFN-deraining/model/gennamodel/groundtruth_mag_and_phase/9.npz,/Users/gennadumont/Downloads/MSPFN-deraining/model/gennamodel/rain_mag_and_phase/9.npz,/Users/gennadumont/Downloads/MSPFN-deraining/model/test/test_data/R100H/cleancrop/9.png,/Users/gennadumont/Downloads/MSPFN-deraining/model/test/test_data/R100H/inputcrop/9.png
98,98,/Users/gennadumont/Downloads/MSPFN-deraining/model/gennamodel/diff_mag_and_phase/98.npz,/Users/gennadumont/Downloads/MSPFN-deraining/model/gennamodel/groundtruth_mag_and_phase/98.npz,/Users/gennadumont/Downloads/MSPFN-deraining/model/gennamodel/rain_mag_and_phase/98.npz,/Users/gennadumont/Downloads/MSPFN-deraining/model/test/test_data/R100H/cleancrop/98.png,/Users/gennadumont/Downloads/MSPFN-deraining/model/test/test_data/R100H/inputcrop/98.png
14,14,/Users/gennadumont/Downloads/MSPFN-deraining/model/gennamodel/diff_mag_and_phase/14.npz,/Users/gennadumont/Downloads/MSPFN-deraining/model/gennamodel/groundtruth_mag_and_phase/14.npz,/Users/gennadumont/Downloads/MSPFN-deraining/model/gennamodel/rain_mag_and_phase/14.npz,/Users/gennadumont/Downloads/MSPFN-deraining/model/test/test_data/R100H/cleancrop/14.png,/Users/gennadumont/Downloads/MSPFN-deraining/model/test/test_data/R100H/inputcrop/14.png
28,28,/Users/gennadumont/Downloads/MSPFN-deraining/model/gennamodel/diff_mag_and_phase/28.npz,/Users/gennadumont/Downloads/MSPFN-deraining/model/gennamodel/groundtruth_mag_and_phase/28.npz,/Users/gennadumont/Downloads/MSPFN-deraining/model/gennamodel/rain_mag_and_phase/28.npz,/Users/gennadumont/Downloads/MSPFN-deraining/model/test/test_data/R100H/cleancrop/28.png,/Users/gennadumont/Downloads/MSPFN-deraining/model/test/test_data/R100H/inputcrop/28.png
29,29,/Users/gennadumont/Downloads/MSPFN-deraining/model/gennamodel/diff_mag_and_phase/29.npz,/Users/gennadumont/Downloads/MSPFN-deraining/model/gennamodel/groundtruth_mag_and_phase/29.npz,/Users/gennadumont/Downloads/MSPFN-deraining/model/gennamodel/rain_mag_and_phase/29.npz,/Users/gennadumont/Downloads/MSPFN-deraining/model/test/test_data/R100H/cleancrop/29.png,/Users/gennadumont/Downloads/MSPFN-deraining/model/test/test_data/R100H/inputcrop/29.png
15,15,/Users/gennadumont/Downloads/MSPFN-deraining/model/gennamodel/diff_mag_and_phase/15.npz,/Users/gennadumont/Downloads/MSPFN-deraining/model/gennamodel/groundtruth_mag_and_phase/15.npz,/Users/gennadumont/Downloads/MSPFN-deraining/model/gennamodel/rain_mag_and_phase/15.npz,/Users/gennadumont/Downloads/MSPFN-deraining/model/test/test_data/R100H/cleancrop/15.png,/Users/gennadumont/Downloads/MSPFN-deraining/model/test/test_data/R100H/inputcrop/15.png
100,100,/Users/gennadumont/Downloads/MSPFN-deraining/model/gennamodel/diff_mag_and_phase/100.npz,/Users/gennadumont/Downloads/MSPFN-deraining/model/gennamodel/groundtruth_mag_and_phase/100.npz,/Users/gennadumont/Downloads/MSPFN-deraining/model/gennamodel/rain_mag_and_phase/100.npz,/Users/gennadumont/Downloads/MSPFN-deraining/model/test/test_data/R100H/cleancrop/100.png,/Users/gennadumont/Downloads/MSPFN-deraining/model/test/test_data/R100H/inputcrop/100.png
17,17,/Users/gennadumont/Downloads/MSPFN-deraining/model/gennamodel/diff_mag_and_phase/17.npz,/Users/gennadumont/Downloads/MSPFN-deraining/model/gennamodel/groundtruth_mag_and_phase/17.npz,/Users/gennadumont/Downloads/MSPFN-deraining/model/gennamodel/rain_mag_and_phase/17.npz,/Users/gennadumont/Downloads/MSPFN-deraining/model/test/test_data/R100H/cleancrop/17.png,/Users/gennadumont/Downloads/MSPFN-deraining/model/test/test_data/R100H/inputcrop/17.png
16,16,/Users/gennadumont/Downloads/MSPFN-deraining/model/gennamodel/diff_mag_and_phase/16.npz,/Users/gennadumont/Downloads/MSPFN-deraining/model/gennamodel/groundtruth_mag_and_phase/16.npz,/Users/gennadumont/Downloads/MSPFN-deraining/model/gennamodel/rain_mag_and_phase/16.npz,/Users/gennadumont/Downloads/MSPFN-deraining/model/test/test_data/R100H/cleancrop/16.png,/Users/gennadumont/Downloads/MSPFN-deraining/model/test/test_data/R100H/inputcrop/16.png
12,12,/Users/gennadumont/Downloads/MSPFN-deraining/model/gennamodel/diff_mag_and_phase/12.npz,/Users/gennadumont/Downloads/MSPFN-deraining/model/gennamodel/groundtruth_mag_and_phase/12.npz,/Users/gennadumont/Downloads/MSPFN-deraining/model/gennamodel/rain_mag_and_phase/12.npz,/Users/gennadumont/Downloads/MSPFN-deraining/model/test/test_data/R100H/cleancrop/12.png,/Users/gennadumont/Downloads/MSPFN-deraining/model/test/test_data/R100H/inputcrop/12.png
13,13,/Users/gennadumont/Downloads/MSPFN-deraining/model/gennamodel/diff_mag_and_phase/13.npz,/Users/gennadumont/Downloads/MSPFN-deraining/model/gennamodel/groundtruth_mag_and_phase/13.npz,/Users/gennadumont/Downloads/MSPFN-deraining/model/gennamodel/rain_mag_and_phase/13.npz,/Users/gennadumont/Downloads/MSPFN-deraining/model/test/test_data/R100H/cleancrop/13.png,/Users/gennadumont/Downloads/MSPFN-deraining/model/test/test_data/R100H/inputcrop/13.png
39,39,/Users/gennadumont/Downloads/MSPFN-deraining/model/gennamodel/diff_mag_and_phase/39.npz,/Users/gennadumont/Downloads/MSPFN-deraining/model/gennamodel/groundtruth_mag_and_phase/39.npz,/Users/gennadumont/Downloads/MSPFN-deraining/model/gennamodel/rain_mag_and_phase/39.npz,/Users/gennadumont/Downloads/MSPFN-deraining/model/test/test_data/R100H/cleancrop/39.png,/Users/gennadumont/Downloads/MSPFN-deraining/model/test/test_data/R100H/inputcrop/39.png
11,11,/Users/gennadumont/Downloads/MSPFN-deraining/model/gennamodel/diff_mag_and_phase/11.npz,/Users/gennadumont/Downloads/MSPFN-deraining/model/gennamodel/groundtruth_mag_and_phase/11.npz,/Users/gennadumont/Downloads/MSPFN-deraining/model/gennamodel/rain_mag_and_phase/11.npz,/Users/gennadumont/Downloads/MSPFN-deraining/model/test/test_data/R100H/cleancrop/11.png,/Users/gennadumont/Downloads/MSPFN-deraining/model/test/test_data/R100H/inputcrop/11.png
10,10,/Users/gennadumont/Downloads/MSPFN-deraining/model/gennamodel/diff_mag_and_phase/10.npz,/Users/gennadumont/Downloads/MSPFN-deraining/model/gennamodel/groundtruth_mag_and_phase/10.npz,/Users/gennadumont/Downloads/MSPFN-deraining/model/gennamodel/rain_mag_and_phase/10.npz,/Users/gennadumont/Downloads/MSPFN-deraining/model/test/test_data/R100H/cleancrop/10.png,/Users/gennadumont/Downloads/MSPFN-deraining/model/test/test_data/R100H/inputcrop/10.png
38,38,/Users/gennadumont/Downloads/MSPFN-deraining/model/gennamodel/diff_mag_and_phase/38.npz,/Users/gennadumont/Downloads/MSPFN-deraining/model/gennamodel/groundtruth_mag_and_phase/38.npz,/Users/gennadumont/Downloads/MSPFN-deraining/model/gennamodel/rain_mag_and_phase/38.npz,/Users/gennadumont/Downloads/MSPFN-deraining/model/test/test_data/R100H/cleancrop/38.png,/Users/gennadumont/Downloads/MSPFN-deraining/model/test/test_data/R100H/inputcrop/38.png
35,35,/Users/gennadumont/Downloads/MSPFN-deraining/model/gennamodel/diff_mag_and_phase/35.npz,/Users/gennadumont/Downloads/MSPFN-deraining/model/gennamodel/groundtruth_mag_and_phase/35.npz,/Users/gennadumont/Downloads/MSPFN-deraining/model/gennamodel/rain_mag_and_phase/35.npz,/Users/gennadumont/Downloads/MSPFN-deraining/model/test/test_data/R100H/cleancrop/35.png,/Users/gennadumont/Downloads/MSPFN-deraining/model/test/test_data/R100H/inputcrop/35.png
21,21,/Users/gennadumont/Downloads/MSPFN-deraining/model/gennamodel/diff_mag_and_phase/21.npz,/Users/gennadumont/Downloads/MSPFN-deraining/model/gennamodel/groundtruth_mag_and_phase/21.npz,/Users/gennadumont/Downloads/MSPFN-deraining/model/gennamodel/rain_mag_and_phase/21.npz,/Users/gennadumont/Downloads/MSPFN-deraining/model/test/test_data/R100H/cleancrop/21.png,/Users/gennadumont/Downloads/MSPFN-deraining/model/test/test_data/R100H/inputcrop/21.png
20,20,/Users/gennadumont/Downloads/MSPFN-deraining/model/gennamodel/diff_mag_and_phase/20.npz,/Users/gennadumont/Downloads/MSPFN-deraining/model/gennamodel/groundtruth_mag_and_phase/20.npz,/Users/gennadumont/Downloads/MSPFN-deraining/model/gennamodel/rain_mag_and_phase/20.npz,/Users/gennadumont/Downloads/MSPFN-deraining/model/test/test_data/R100H/cleancrop/20.png,/Users/gennadumont/Downloads/MSPFN-deraining/model/test/test_data/R100H/inputcrop/20.png
34,34,/Users/gennadumont/Downloads/MSPFN-deraining/model/gennamodel/diff_mag_and_phase/34.npz,/Users/gennadumont/Downloads/MSPFN-deraining/model/gennamodel/groundtruth_mag_and_phase/34.npz,/Users/gennadumont/Downloads/MSPFN-deraining/model/gennamodel/rain_mag_and_phase/34.npz,/Users/gennadumont/Downloads/MSPFN-deraining/model/test/test_data/R100H/cleancrop/34.png,/Users/gennadumont/Downloads/MSPFN-deraining/model/test/test_data/R100H/inputcrop/34.png
22,22,/Users/gennadumont/Downloads/MSPFN-deraining/model/gennamodel/diff_mag_and_phase/22.npz,/Users/gennadumont/Downloads/MSPFN-deraining/model/gennamodel/groundtruth_mag_and_phase/22.npz,/Users/gennadumont/Downloads/MSPFN-deraining/model/gennamodel/rain_mag_and_phase/22.npz,/Users/gennadumont/Downloads/MSPFN-deraining/model/test/test_data/R100H/cleancrop/22.png,/Users/gennadumont/Downloads/MSPFN-deraining/model/test/test_data/R100H/inputcrop/22.png
36,36,/Users/gennadumont/Downloads/MSPFN-deraining/model/gennamodel/diff_mag_and_phase/36.npz,/Users/gennadumont/Downloads/MSPFN-deraining/model/gennamodel/groundtruth_mag_and_phase/36.npz,/Users/gennadumont/Downloads/MSPFN-deraining/model/gennamodel/rain_mag_and_phase/36.npz,/Users/gennadumont/Downloads/MSPFN-deraining/model/test/test_data/R100H/cleancrop/36.png,/Users/gennadumont/Downloads/MSPFN-deraining/model/test/test_data/R100H/inputcrop/36.png
37,37,/Users/gennadumont/Downloads/MSPFN-deraining/model/gennamodel/diff_mag_and_phase/37.npz,/Users/gennadumont/Downloads/MSPFN-deraining/model/gennamodel/groundtruth_mag_and_phase/37.npz,/Users/gennadumont/Downloads/MSPFN-deraining/model/gennamodel/rain_mag_and_phase/37.npz,/Users/gennadumont/Downloads/MSPFN-deraining/model/test/test_data/R100H/cleancrop/37.png,/Users/gennadumont/Downloads/MSPFN-deraining/model/test/test_data/R100H/inputcrop/37.png
23,23,/Users/gennadumont/Downloads/MSPFN-deraining/model/gennamodel/diff_mag_and_phase/23.npz,/Users/gennadumont/Downloads/MSPFN-deraining/model/gennamodel/groundtruth_mag_and_phase/23.npz,/Users/gennadumont/Downloads/MSPFN-deraining/model/gennamodel/rain_mag_and_phase/23.npz,/Users/gennadumont/Downloads/MSPFN-deraining/model/test/test_data/R100H/cleancrop/23.png,/Users/gennadumont/Downloads/MSPFN-deraining/model/test/test_data/R100H/inputcrop/23.png
27,27,/Users/gennadumont/Downloads/MSPFN-deraining/model/gennamodel/diff_mag_and_phase/27.npz,/Users/gennadumont/Downloads/MSPFN-deraining/model/gennamodel/groundtruth_mag_and_phase/27.npz,/Users/gennadumont/Downloads/MSPFN-deraining/model/gennamodel/rain_mag_and_phase/27.npz,/Users/gennadumont/Downloads/MSPFN-deraining/model/test/test_data/R100H/cleancrop/27.png,/Users/gennadumont/Downloads/MSPFN-deraining/model/test/test_data/R100H/inputcrop/27.png
33,33,/Users/gennadumont/Downloads/MSPFN-deraining/model/gennamodel/diff_mag_and_phase/33.npz,/Users/gennadumont/Downloads/MSPFN-deraining/model/gennamodel/groundtruth_mag_and_phase/33.npz,/Users/gennadumont/Downloads/MSPFN-deraining/model/gennamodel/rain_mag_and_phase/33.npz,/Users/gennadumont/Downloads/MSPFN-deraining/model/test/test_data/R100H/cleancrop/33.png,/Users/gennadumont/Downloads/MSPFN-deraining/model/test/test_data/R100H/inputcrop/33.png
32,32,/Users/gennadumont/Downloads/MSPFN-deraining/model/gennamodel/diff_mag_and_phase/32.npz,/Users/gennadumont/Downloads/MSPFN-deraining/model/gennamodel/groundtruth_mag_and_phase/32.npz,/Users/gennadumont/Downloads/MSPFN-deraining/model/gennamodel/rain_mag_and_phase/32.npz,/Users/gennadumont/Downloads/MSPFN-deraining/model/test/test_data/R100H/cleancrop/32.png,/Users/gennadumont/Downloads/MSPFN-deraining/model/test/test_data/R100H/inputcrop/32.png
26,26,/Users/gennadumont/Downloads/MSPFN-deraining/model/gennamodel/diff_mag_and_phase/26.npz,/Users/gennadumont/Downloads/MSPFN-deraining/model/gennamodel/groundtruth_mag_and_phase/26.npz,/Users/gennadumont/Downloads/MSPFN-deraining/model/gennamodel/rain_mag_and_phase/26.npz,/Users/gennadumont/Downloads/MSPFN-deraining/model/test/test_data/R100H/cleancrop/26.png,/Users/gennadumont/Downloads/MSPFN-deraining/model/test/test_data/R100H/inputcrop/26.png
18,18,/Users/gennadumont/Downloads/MSPFN-deraining/model/gennamodel/diff_mag_and_phase/18.npz,/Users/gennadumont/Downloads/MSPFN-deraining/model/gennamodel/groundtruth_mag_and_phase/18.npz,/Users/gennadumont/Downloads/MSPFN-deraining/model/gennamodel/rain_mag_and_phase/18.npz,/Users/gennadumont/Downloads/MSPFN-deraining/model/test/test_data/R100H/cleancrop/18.png,/Users/gennadumont/Downloads/MSPFN-deraining/model/test/test_data/R100H/inputcrop/18.png
30,30,/Users/gennadumont/Downloads/MSPFN-deraining/model/gennamodel/diff_mag_and_phase/30.npz,/Users/gennadumont/Downloads/MSPFN-deraining/model/gennamodel/groundtruth_mag_and_phase/30.npz,/Users/gennadumont/Downloads/MSPFN-deraining/model/gennamodel/rain_mag_and_phase/30.npz,/Users/gennadumont/Downloads/MSPFN-deraining/model/test/test_data/R100H/cleancrop/30.png,/Users/gennadumont/Downloads/MSPFN-deraining/model/test/test_data/R100H/inputcrop/30.png
24,24,/Users/gennadumont/Downloads/MSPFN-deraining/model/gennamodel/diff_mag_and_phase/24.npz,/Users/gennadumont/Downloads/MSPFN-deraining/model/gennamodel/groundtruth_mag_and_phase/24.npz,/Users/gennadumont/Downloads/MSPFN-deraining/model/gennamodel/rain_mag_and_phase/24.npz,/Users/gennadumont/Downloads/MSPFN-deraining/model/test/test_data/R100H/cleancrop/24.png,/Users/gennadumont/Downloads/MSPFN-deraining/model/test/test_data/R100H/inputcrop/24.png
25,25,/Users/gennadumont/Downloads/MSPFN-deraining/model/gennamodel/diff_mag_and_phase/25.npz,/Users/gennadumont/Downloads/MSPFN-deraining/model/gennamodel/groundtruth_mag_and_phase/25.npz,/Users/gennadumont/Downloads/MSPFN-deraining/model/gennamodel/rain_mag_and_phase/25.npz,/Users/gennadumont/Downloads/MSPFN-deraining/model/test/test_data/R100H/cleancrop/25.png,/Users/gennadumont/Downloads/MSPFN-deraining/model/test/test_data/R100H/inputcrop/25.png
31,31,/Users/gennadumont/Downloads/MSPFN-deraining/model/gennamodel/diff_mag_and_phase/31.npz,/Users/gennadumont/Downloads/MSPFN-deraining/model/gennamodel/groundtruth_mag_and_phase/31.npz,/Users/gennadumont/Downloads/MSPFN-deraining/model/gennamodel/rain_mag_and_phase/31.npz,/Users/gennadumont/Downloads/MSPFN-deraining/model/test/test_data/R100H/cleancrop/31.png,/Users/gennadumont/Downloads/MSPFN-deraining/model/test/test_data/R100H/inputcrop/31.png
19,19,/Users/gennadumont/Downloads/MSPFN-deraining/model/gennamodel/diff_mag_and_phase/19.npz,/Users/gennadumont/Downloads/MSPFN-deraining/model/gennamodel/groundtruth_mag_and_phase/19.npz,/Users/gennadumont/Downloads/MSPFN-deraining/model/gennamodel/rain_mag_and_phase/19.npz,/Users/gennadumont/Downloads/MSPFN-deraining/model/test/test_data/R100H/cleancrop/19.png,/Users/gennadumont/Downloads/MSPFN-deraining/model/test/test_data/R100H/inputcrop/19.png
95,95,/Users/gennadumont/Downloads/MSPFN-deraining/model/gennamodel/diff_mag_and_phase/95.npz,/Users/gennadumont/Downloads/MSPFN-deraining/model/gennamodel/groundtruth_mag_and_phase/95.npz,/Users/gennadumont/Downloads/MSPFN-deraining/model/gennamodel/rain_mag_and_phase/95.npz,/Users/gennadumont/Downloads/MSPFN-deraining/model/test/test_data/R100H/cleancrop/95.png,/Users/gennadumont/Downloads/MSPFN-deraining/model/test/test_data/R100H/inputcrop/95.png
81,81,/Users/gennadumont/Downloads/MSPFN-deraining/model/gennamodel/diff_mag_and_phase/81.npz,/Users/gennadumont/Downloads/MSPFN-deraining/model/gennamodel/groundtruth_mag_and_phase/81.npz,/Users/gennadumont/Downloads/MSPFN-deraining/model/gennamodel/rain_mag_and_phase/81.npz,/Users/gennadumont/Downloads/MSPFN-deraining/model/test/test_data/R100H/cleancrop/81.png,/Users/gennadumont/Downloads/MSPFN-deraining/model/test/test_data/R100H/inputcrop/81.png
4,4,/Users/gennadumont/Downloads/MSPFN-deraining/model/gennamodel/diff_mag_and_phase/4.npz,/Users/gennadumont/Downloads/MSPFN-deraining/model/gennamodel/groundtruth_mag_and_phase/4.npz,/Users/gennadumont/Downloads/MSPFN-deraining/model/gennamodel/rain_mag_and_phase/4.npz,/Users/gennadumont/Downloads/MSPFN-deraining/model/test/test_data/R100H/cleancrop/4.png,/Users/gennadumont/Downloads/MSPFN-deraining/model/test/test_data/R100H/inputcrop/4.png
56,56,/Users/gennadumont/Downloads/MSPFN-deraining/model/gennamodel/diff_mag_and_phase/56.npz,/Users/gennadumont/Downloads/MSPFN-deraining/model/gennamodel/groundtruth_mag_and_phase/56.npz,/Users/gennadumont/Downloads/MSPFN-deraining/model/gennamodel/rain_mag_and_phase/56.npz,/Users/gennadumont/Downloads/MSPFN-deraining/model/test/test_data/R100H/cleancrop/56.png,/Users/gennadumont/Downloads/MSPFN-deraining/model/test/test_data/R100H/inputcrop/56.png
42,42,/Users/gennadumont/Downloads/MSPFN-deraining/model/gennamodel/diff_mag_and_phase/42.npz,/Users/gennadumont/Downloads/MSPFN-deraining/model/gennamodel/groundtruth_mag_and_phase/42.npz,/Users/gennadumont/Downloads/MSPFN-deraining/model/gennamodel/rain_mag_and_phase/42.npz,/Users/gennadumont/Downloads/MSPFN-deraining/model/test/test_data/R100H/cleancrop/42.png,/Users/gennadumont/Downloads/MSPFN-deraining/model/test/test_data/R100H/inputcrop/42.png
43,43,/Users/gennadumont/Downloads/MSPFN-deraining/model/gennamodel/diff_mag_and_phase/43.npz,/Users/gennadumont/Downloads/MSPFN-deraining/model/gennamodel/groundtruth_mag_and_phase/43.npz,/Users/gennadumont/Downloads/MSPFN-deraining/model/gennamodel/rain_mag_and_phase/43.npz,/Users/gennadumont/Downloads/MSPFN-deraining/model/test/test_data/R100H/cleancrop/43.png,/Users/gennadumont/Downloads/MSPFN-deraining/model/test/test_data/R100H/inputcrop/43.png
5,5,/Users/gennadumont/Downloads/MSPFN-deraining/model/gennamodel/diff_mag_and_phase/5.npz,/Users/gennadumont/Downloads/MSPFN-deraining/model/gennamodel/groundtruth_mag_and_phase/5.npz,/Users/gennadumont/Downloads/MSPFN-deraining/model/gennamodel/rain_mag_and_phase/5.npz,/Users/gennadumont/Downloads/MSPFN-deraining/model/test/test_data/R100H/cleancrop/5.png,/Users/gennadumont/Downloads/MSPFN-deraining/model/test/test_data/R100H/inputcrop/5.png
57,57,/Users/gennadumont/Downloads/MSPFN-deraining/model/gennamodel/diff_mag_and_phase/57.npz,/Users/gennadumont/Downloads/MSPFN-deraining/model/gennamodel/groundtruth_mag_and_phase/57.npz,/Users/gennadumont/Downloads/MSPFN-deraining/model/gennamodel/rain_mag_and_phase/57.npz,/Users/gennadumont/Downloads/MSPFN-deraining/model/test/test_data/R100H/cleancrop/57.png,/Users/gennadumont/Downloads/MSPFN-deraining/model/test/test_data/R100H/inputcrop/57.png
80,80,/Users/gennadumont/Downloads/MSPFN-deraining/model/gennamodel/diff_mag_and_phase/80.npz,/Users/gennadumont/Downloads/MSPFN-deraining/model/gennamodel/groundtruth_mag_and_phase/80.npz,/Users/gennadumont/Downloads/MSPFN-deraining/model/gennamodel/rain_mag_and_phase/80.npz,/Users/gennadumont/Downloads/MSPFN-deraining/model/test/test_data/R100H/cleancrop/80.png,/Users/gennadumont/Downloads/MSPFN-deraining/model/test/test_data/R100H/inputcrop/80.png
94,94,/Users/gennadumont/Downloads/MSPFN-deraining/model/gennamodel/diff_mag_and_phase/94.npz,/Users/gennadumont/Downloads/MSPFN-deraining/model/gennamodel/groundtruth_mag_and_phase/94.npz,/Users/gennadumont/Downloads/MSPFN-deraining/model/gennamodel/rain_mag_and_phase/94.npz,/Users/gennadumont/Downloads/MSPFN-deraining/model/test/test_data/R100H/cleancrop/94.png,/Users/gennadumont/Downloads/MSPFN-deraining/model/test/test_data/R100H/inputcrop/94.png
82,82,/Users/gennadumont/Downloads/MSPFN-deraining/model/gennamodel/diff_mag_and_phase/82.npz,/Users/gennadumont/Downloads/MSPFN-deraining/model/gennamodel/groundtruth_mag_and_phase/82.npz,/Users/gennadumont/Downloads/MSPFN-deraining/model/gennamodel/rain_mag_and_phase/82.npz,/Users/gennadumont/Downloads/MSPFN-deraining/model/test/test_data/R100H/cleancrop/82.png,/Users/gennadumont/Downloads/MSPFN-deraining/model/test/test_data/R100H/inputcrop/82.png
96,96,/Users/gennadumont/Downloads/MSPFN-deraining/model/gennamodel/diff_mag_and_phase/96.npz,/Users/gennadumont/Downloads/MSPFN-deraining/model/gennamodel/groundtruth_mag_and_phase/96.npz,/Users/gennadumont/Downloads/MSPFN-deraining/model/gennamodel/rain_mag_and_phase/96.npz,/Users/gennadumont/Downloads/MSPFN-deraining/model/test/test_data/R100H/cleancrop/96.png,/Users/gennadumont/Downloads/MSPFN-deraining/model/test/test_data/R100H/inputcrop/96.png
41,41,/Users/gennadumont/Downloads/MSPFN-deraining/model/gennamodel/diff_mag_and_phase/41.npz,/Users/gennadumont/Downloads/MSPFN-deraining/model/gennamodel/groundtruth_mag_and_phase/41.npz,/Users/gennadumont/Downloads/MSPFN-deraining/model/gennamodel/rain_mag_and_phase/41.npz,/Users/gennadumont/Downloads/MSPFN-deraining/model/test/test_data/R100H/cleancrop/41.png,/Users/gennadumont/Downloads/MSPFN-deraining/model/test/test_data/R100H/inputcrop/41.png
55,55,/Users/gennadumont/Downloads/MSPFN-deraining/model/gennamodel/diff_mag_and_phase/55.npz,/Users/gennadumont/Downloads/MSPFN-deraining/model/gennamodel/groundtruth_mag_and_phase/55.npz,/Users/gennadumont/Downloads/MSPFN-deraining/model/gennamodel/rain_mag_and_phase/55.npz,/Users/gennadumont/Downloads/MSPFN-deraining/model/test/test_data/R100H/cleancrop/55.png,/Users/gennadumont/Downloads/MSPFN-deraining/model/test/test_data/R100H/inputcrop/55.png
7,7,/Users/gennadumont/Downloads/MSPFN-deraining/model/gennamodel/diff_mag_and_phase/7.npz,/Users/gennadumont/Downloads/MSPFN-deraining/model/gennamodel/groundtruth_mag_and_phase/7.npz,/Users/gennadumont/Downloads/MSPFN-deraining/model/gennamodel/rain_mag_and_phase/7.npz,/Users/gennadumont/Downloads/MSPFN-deraining/model/test/test_data/R100H/cleancrop/7.png,/Users/gennadumont/Downloads/MSPFN-deraining/model/test/test_data/R100H/inputcrop/7.png
69,69,/Users/gennadumont/Downloads/MSPFN-deraining/model/gennamodel/diff_mag_and_phase/69.npz,/Users/gennadumont/Downloads/MSPFN-deraining/model/gennamodel/groundtruth_mag_and_phase/69.npz,/Users/gennadumont/Downloads/MSPFN-deraining/model/gennamodel/rain_mag_and_phase/69.npz,/Users/gennadumont/Downloads/MSPFN-deraining/model/test/test_data/R100H/cleancrop/69.png,/Users/gennadumont/Downloads/MSPFN-deraining/model/test/test_data/R100H/inputcrop/69.png
68,68,/Users/gennadumont/Downloads/MSPFN-deraining/model/gennamodel/diff_mag_and_phase/68.npz,/Users/gennadumont/Downloads/MSPFN-deraining/model/gennamodel/groundtruth_mag_and_phase/68.npz,/Users/gennadumont/Downloads/MSPFN-deraining/model/gennamodel/rain_mag_and_phase/68.npz,/Users/gennadumont/Downloads/MSPFN-deraining/model/test/test_data/R100H/cleancrop/68.png,/Users/gennadumont/Downloads/MSPFN-deraining/model/test/test_data/R100H/inputcrop/68.png
54,54,/Users/gennadumont/Downloads/MSPFN-deraining/model/gennamodel/diff_mag_and_phase/54.npz,/Users/gennadumont/Downloads/MSPFN-deraining/model/gennamodel/groundtruth_mag_and_phase/54.npz,/Users/gennadumont/Downloads/MSPFN-deraining/model/gennamodel/rain_mag_and_phase/54.npz,/Users/gennadumont/Downloads/MSPFN-deraining/model/test/test_data/R100H/cleancrop/54.png,/Users/gennadumont/Downloads/MSPFN-deraining/model/test/test_data/R100H/inputcrop/54.png
6,6,/Users/gennadumont/Downloads/MSPFN-deraining/model/gennamodel/diff_mag_and_phase/6.npz,/Users/gennadumont/Downloads/MSPFN-deraining/model/gennamodel/groundtruth_mag_and_phase/6.npz,/Users/gennadumont/Downloads/MSPFN-deraining/model/gennamodel/rain_mag_and_phase/6.npz,/Users/gennadumont/Downloads/MSPFN-deraining/model/test/test_data/R100H/cleancrop/6.png,/Users/gennadumont/Downloads/MSPFN-deraining/model/test/test_data/R100H/inputcrop/6.png
40,40,/Users/gennadumont/Downloads/MSPFN-deraining/model/gennamodel/diff_mag_and_phase/40.npz,/Users/gennadumont/Downloads/MSPFN-deraining/model/gennamodel/groundtruth_mag_and_phase/40.npz,/Users/gennadumont/Downloads/MSPFN-deraining/model/gennamodel/rain_mag_and_phase/40.npz,/Users/gennadumont/Downloads/MSPFN-deraining/model/test/test_data/R100H/cleancrop/40.png,/Users/gennadumont/Downloads/MSPFN-deraining/model/test/test_data/R100H/inputcrop/40.png
97,97,/Users/gennadumont/Downloads/MSPFN-deraining/model/gennamodel/diff_mag_and_phase/97.npz,/Users/gennadumont/Downloads/MSPFN-deraining/model/gennamodel/groundtruth_mag_and_phase/97.npz,/Users/gennadumont/Downloads/MSPFN-deraining/model/gennamodel/rain_mag_and_phase/97.npz,/Users/gennadumont/Downloads/MSPFN-deraining/model/test/test_data/R100H/cleancrop/97.png,/Users/gennadumont/Downloads/MSPFN-deraining/model/test/test_data/R100H/inputcrop/97.png
83,83,/Users/gennadumont/Downloads/MSPFN-deraining/model/gennamodel/diff_mag_and_phase/83.npz,/Users/gennadumont/Downloads/MSPFN-deraining/model/gennamodel/groundtruth_mag_and_phase/83.npz,/Users/gennadumont/Downloads/MSPFN-deraining/model/gennamodel/rain_mag_and_phase/83.npz,/Users/gennadumont/Downloads/MSPFN-deraining/model/test/test_data/R100H/cleancrop/83.png,/Users/gennadumont/Downloads/MSPFN-deraining/model/test/test_data/R100H/inputcrop/83.png
87,87,/Users/gennadumont/Downloads/MSPFN-deraining/model/gennamodel/diff_mag_and_phase/87.npz,/Users/gennadumont/Downloads/MSPFN-deraining/model/gennamodel/groundtruth_mag_and_phase/87.npz,/Users/gennadumont/Downloads/MSPFN-deraining/model/gennamodel/rain_mag_and_phase/87.npz,/Users/gennadumont/Downloads/MSPFN-deraining/model/test/test_data/R100H/cleancrop/87.png,/Users/gennadumont/Downloads/MSPFN-deraining/model/test/test_data/R100H/inputcrop/87.png
93,93,/Users/gennadumont/Downloads/MSPFN-deraining/model/gennamodel/diff_mag_and_phase/93.npz,/Users/gennadumont/Downloads/MSPFN-deraining/model/gennamodel/groundtruth_mag_and_phase/93.npz,/Users/gennadumont/Downloads/MSPFN-deraining/model/gennamodel/rain_mag_and_phase/93.npz,/Users/gennadumont/Downloads/MSPFN-deraining/model/test/test_data/R100H/cleancrop/93.png,/Users/gennadumont/Downloads/MSPFN-deraining/model/test/test_data/R100H/inputcrop/93.png
78,78,/Users/gennadumont/Downloads/MSPFN-deraining/model/gennamodel/diff_mag_and_phase/78.npz,/Users/gennadumont/Downloads/MSPFN-deraining/model/gennamodel/groundtruth_mag_and_phase/78.npz,/Users/gennadumont/Downloads/MSPFN-deraining/model/gennamodel/rain_mag_and_phase/78.npz,/Users/gennadumont/Downloads/MSPFN-deraining/model/test/test_data/R100H/cleancrop/78.png,/Users/gennadumont/Downloads/MSPFN-deraining/model/test/test_data/R100H/inputcrop/78.png
44,44,/Users/gennadumont/Downloads/MSPFN-deraining/model/gennamodel/diff_mag_and_phase/44.npz,/Users/gennadumont/Downloads/MSPFN-deraining/model/gennamodel/groundtruth_mag_and_phase/44.npz,/Users/gennadumont/Downloads/MSPFN-deraining/model/gennamodel/rain_mag_and_phase/44.npz,/Users/gennadumont/Downloads/MSPFN-deraining/model/test/test_data/R100H/cleancrop/44.png,/Users/gennadumont/Downloads/MSPFN-deraining/model/test/test_data/R100H/inputcrop/44.png
2,2,/Users/gennadumont/Downloads/MSPFN-deraining/model/gennamodel/diff_mag_and_phase/2.npz,/Users/gennadumont/Downloads/MSPFN-deraining/model/gennamodel/groundtruth_mag_and_phase/2.npz,/Users/gennadumont/Downloads/MSPFN-deraining/model/gennamodel/rain_mag_and_phase/2.npz,/Users/gennadumont/Downloads/MSPFN-deraining/model/test/test_data/R100H/cleancrop/2.png,/Users/gennadumont/Downloads/MSPFN-deraining/model/test/test_data/R100H/inputcrop/2.png
50,50,/Users/gennadumont/Downloads/MSPFN-deraining/model/gennamodel/diff_mag_and_phase/50.npz,/Users/gennadumont/Downloads/MSPFN-deraining/model/gennamodel/groundtruth_mag_and_phase/50.npz,/Users/gennadumont/Downloads/MSPFN-deraining/model/gennamodel/rain_mag_and_phase/50.npz,/Users/gennadumont/Downloads/MSPFN-deraining/model/test/test_data/R100H/cleancrop/50.png,/Users/gennadumont/Downloads/MSPFN-deraining/model/test/test_data/R100H/inputcrop/50.png
3,3,/Users/gennadumont/Downloads/MSPFN-deraining/model/gennamodel/diff_mag_and_phase/3.npz,/Users/gennadumont/Downloads/MSPFN-deraining/model/gennamodel/groundtruth_mag_and_phase/3.npz,/Users/gennadumont/Downloads/MSPFN-deraining/model/gennamodel/rain_mag_and_phase/3.npz,/Users/gennadumont/Downloads/MSPFN-deraining/model/test/test_data/R100H/cleancrop/3.png,/Users/gennadumont/Downloads/MSPFN-deraining/model/test/test_data/R100H/inputcrop/3.png
51,51,/Users/gennadumont/Downloads/MSPFN-deraining/model/gennamodel/diff_mag_and_phase/51.npz,/Users/gennadumont/Downloads/MSPFN-deraining/model/gennamodel/groundtruth_mag_and_phase/51.npz,/Users/gennadumont/Downloads/MSPFN-deraining/model/gennamodel/rain_mag_and_phase/51.npz,/Users/gennadumont/Downloads/MSPFN-deraining/model/test/test_data/R100H/cleancrop/51.png,/Users/gennadumont/Downloads/MSPFN-deraining/model/test/test_data/R100H/inputcrop/51.png
45,45,/Users/gennadumont/Downloads/MSPFN-deraining/model/gennamodel/diff_mag_and_phase/45.npz,/Users/gennadumont/Downloads/MSPFN-deraining/model/gennamodel/groundtruth_mag_and_phase/45.npz,/Users/gennadumont/Downloads/MSPFN-deraining/model/gennamodel/rain_mag_and_phase/45.npz,/Users/gennadumont/Downloads/MSPFN-deraining/model/test/test_data/R100H/cleancrop/45.png,/Users/gennadumont/Downloads/MSPFN-deraining/model/test/test_data/R100H/inputcrop/45.png
79,79,/Users/gennadumont/Downloads/MSPFN-deraining/model/gennamodel/diff_mag_and_phase/79.npz,/Users/gennadumont/Downloads/MSPFN-deraining/model/gennamodel/groundtruth_mag_and_phase/79.npz,/Users/gennadumont/Downloads/MSPFN-deraining/model/gennamodel/rain_mag_and_phase/79.npz,/Users/gennadumont/Downloads/MSPFN-deraining/model/test/test_data/R100H/cleancrop/79.png,/Users/gennadumont/Downloads/MSPFN-deraining/model/test/test_data/R100H/inputcrop/79.png
92,92,/Users/gennadumont/Downloads/MSPFN-deraining/model/gennamodel/diff_mag_and_phase/92.npz,/Users/gennadumont/Downloads/MSPFN-deraining/model/gennamodel/groundtruth_mag_and_phase/92.npz,/Users/gennadumont/Downloads/MSPFN-deraining/model/gennamodel/rain_mag_and_phase/92.npz,/Users/gennadumont/Downloads/MSPFN-deraining/model/test/test_data/R100H/cleancrop/92.png,/Users/gennadumont/Downloads/MSPFN-deraining/model/test/test_data/R100H/inputcrop/92.png
86,86,/Users/gennadumont/Downloads/MSPFN-deraining/model/gennamodel/diff_mag_and_phase/86.npz,/Users/gennadumont/Downloads/MSPFN-deraining/model/gennamodel/groundtruth_mag_and_phase/86.npz,/Users/gennadumont/Downloads/MSPFN-deraining/model/gennamodel/rain_mag_and_phase/86.npz,/Users/gennadumont/Downloads/MSPFN-deraining/model/test/test_data/R100H/cleancrop/86.png,/Users/gennadumont/Downloads/MSPFN-deraining/model/test/test_data/R100H/inputcrop/86.png
90,90,/Users/gennadumont/Downloads/MSPFN-deraining/model/gennamodel/diff_mag_and_phase/90.npz,/Users/gennadumont/Downloads/MSPFN-deraining/model/gennamodel/groundtruth_mag_and_phase/90.npz,/Users/gennadumont/Downloads/MSPFN-deraining/model/gennamodel/rain_mag_and_phase/90.npz,/Users/gennadumont/Downloads/MSPFN-deraining/model/test/test_data/R100H/cleancrop/90.png,/Users/gennadumont/Downloads/MSPFN-deraining/model/test/test_data/R100H/inputcrop/90.png
84,84,/Users/gennadumont/Downloads/MSPFN-deraining/model/gennamodel/diff_mag_and_phase/84.npz,/Users/gennadumont/Downloads/MSPFN-deraining/model/gennamodel/groundtruth_mag_and_phase/84.npz,/Users/gennadumont/Downloads/MSPFN-deraining/model/gennamodel/rain_mag_and_phase/84.npz,/Users/gennadumont/Downloads/MSPFN-deraining/model/test/test_data/R100H/cleancrop/84.png,/Users/gennadumont/Downloads/MSPFN-deraining/model/test/test_data/R100H/inputcrop/84.png
53,53,/Users/gennadumont/Downloads/MSPFN-deraining/model/gennamodel/diff_mag_and_phase/53.npz,/Users/gennadumont/Downloads/MSPFN-deraining/model/gennamodel/groundtruth_mag_and_phase/53.npz,/Users/gennadumont/Downloads/MSPFN-deraining/model/gennamodel/rain_mag_and_phase/53.npz,/Users/gennadumont/Downloads/MSPFN-deraining/model/test/test_data/R100H/cleancrop/53.png,/Users/gennadumont/Downloads/MSPFN-deraining/model/test/test_data/R100H/inputcrop/53.png
1,1,/Users/gennadumont/Downloads/MSPFN-deraining/model/gennamodel/diff_mag_and_phase/1.npz,/Users/gennadumont/Downloads/MSPFN-deraining/model/gennamodel/groundtruth_mag_and_phase/1.npz,/Users/gennadumont/Downloads/MSPFN-deraining/model/gennamodel/rain_mag_and_phase/1.npz,/Users/gennadumont/Downloads/MSPFN-deraining/model/test/test_data/R100H/cleancrop/1.png,/Users/gennadumont/Downloads/MSPFN-deraining/model/test/test_data/R100H/inputcrop/1.png
47,47,/Users/gennadumont/Downloads/MSPFN-deraining/model/gennamodel/diff_mag_and_phase/47.npz,/Users/gennadumont/Downloads/MSPFN-deraining/model/gennamodel/groundtruth_mag_and_phase/47.npz,/Users/gennadumont/Downloads/MSPFN-deraining/model/gennamodel/rain_mag_and_phase/47.npz,/Users/gennadumont/Downloads/MSPFN-deraining/model/test/test_data/R100H/cleancrop/47.png,/Users/gennadumont/Downloads/MSPFN-deraining/model/test/test_data/R100H/inputcrop/47.png
46,46,/Users/gennadumont/Downloads/MSPFN-deraining/model/gennamodel/diff_mag_and_phase/46.npz,/Users/gennadumont/Downloads/MSPFN-deraining/model/gennamodel/groundtruth_mag_and_phase/46.npz,/Users/gennadumont/Downloads/MSPFN-deraining/model/gennamodel/rain_mag_and_phase/46.npz,/Users/gennadumont/Downloads/MSPFN-deraining/model/test/test_data/R100H/cleancrop/46.png,/Users/gennadumont/Downloads/MSPFN-deraining/model/test/test_data/R100H/inputcrop/46.png
52,52,/Users/gennadumont/Downloads/MSPFN-deraining/model/gennamodel/diff_mag_and_phase/52.npz,/Users/gennadumont/Downloads/MSPFN-deraining/model/gennamodel/groundtruth_mag_and_phase/52.npz,/Users/gennadumont/Downloads/MSPFN-deraining/model/gennamodel/rain_mag_and_phase/52.npz,/Users/gennadumont/Downloads/MSPFN-deraining/model/test/test_data/R100H/cleancrop/52.png,/Users/gennadumont/Downloads/MSPFN-deraining/model/test/test_data/R100H/inputcrop/52.png
85,85,/Users/gennadumont/Downloads/MSPFN-deraining/model/gennamodel/diff_mag_and_phase/85.npz,/Users/gennadumont/Downloads/MSPFN-deraining/model/gennamodel/groundtruth_mag_and_phase/85.npz,/Users/gennadumont/Downloads/MSPFN-deraining/model/gennamodel/rain_mag_and_phase/85.npz,/Users/gennadumont/Downloads/MSPFN-deraining/model/test/test_data/R100H/cleancrop/85.png,/Users/gennadumont/Downloads/MSPFN-deraining/model/test/test_data/R100H/inputcrop/85.png
91,91,/Users/gennadumont/Downloads/MSPFN-deraining/model/gennamodel/diff_mag_and_phase/91.npz,/Users/gennadumont/Downloads/MSPFN-deraining/model/gennamodel/groundtruth_mag_and_phase/91.npz,/Users/gennadumont/Downloads/MSPFN-deraining/model/gennamodel/rain_mag_and_phase/91.npz,/Users/gennadumont/Downloads/MSPFN-deraining/model/test/test_data/R100H/cleancrop/91.png,/Users/gennadumont/Downloads/MSPFN-deraining/model/test/test_data/R100H/inputcrop/91.png
